date,epex_price,load_mw
2015-01-01,,45473.608695652176
2015-01-02,,52022.833333333336
2015-01-03,,46467.166666666664
2015-01-04,,45088.666666666664
2015-01-05,,55052.541666666664
2015-01-06,,55496.875
2015-01-07,,59981.666666666664
2015-01-08,,61513.25
2015-01-09,,60832.583333333336
2015-01-10,,51972.458333333336
2015-01-11,,48353.083333333336
2015-01-12,,61736.583333333336
2015-01-13,,61058.375
2015-01-14,,60844.041666666664
2015-01-15,,61665.958333333336
2015-01-16,,59707.791666666664
2015-01-17,,51281.5
2015-01-18,,47435.166666666664
2015-01-19,,60523.708333333336
2015-01-20,,62041.791666666664
2015-01-21,,61924.5
2015-01-22,,62376.0
2015-01-23,,61274.375
2015-01-24,,53608.0
2015-01-25,,48501.166666666664
2015-01-26,,61589.208333333336
2015-01-27,,62029.583333333336
2015-01-28,,63306.416666666664
2015-01-29,,62867.0
2015-01-30,,61043.708333333336
2015-01-31,,52253.416666666664
2015-02-01,,48004.416666666664
2015-02-02,,61601.416666666664
2015-02-03,,62571.625
2015-02-04,,62898.75
2015-02-05,,62910.708333333336
2015-02-06,,62164.791666666664
2015-02-07,,53752.791666666664
2015-02-08,,49324.541666666664
2015-02-09,,62324.083333333336
2015-02-10,,62040.0
2015-02-11,,61829.208333333336
2015-02-12,,61602.625
2015-02-13,,60299.666666666664
2015-02-14,,51482.333333333336
2015-02-15,,47501.708333333336
2015-02-16,,58637.833333333336
2015-02-17,,61307.458333333336
2015-02-18,,61801.791666666664
2015-02-19,,62234.958333333336
2015-02-20,,60899.125
2015-02-21,,52035.791666666664
2015-02-22,,47654.5
2015-02-23,,61540.208333333336
2015-02-24,,61905.125
2015-02-25,,60961.333333333336
2015-02-26,,61176.333333333336
2015-02-27,,61311.875
2015-02-28,,53949.916666666664
2015-03-01,,51132.5
2015-03-02,,61459.333333333336
2015-03-03,,62524.166666666664
2015-03-04,,62879.791666666664
2015-03-05,,62354.25
2015-03-06,,61054.708333333336
2015-03-07,,53627.375
2015-03-08,,49229.416666666664
2015-03-09,,59630.333333333336
2015-03-10,,61070.5
2015-03-11,,59903.666666666664
2015-03-12,,59924.0
2015-03-13,,59345.166666666664
2015-03-14,,51531.25
2015-03-15,,47167.291666666664
2015-03-16,,58796.375
2015-03-17,,58797.458333333336
2015-03-18,,58187.833333333336
2015-03-19,,58383.625
2015-03-20,,57758.083333333336
2015-03-21,,50486.416666666664
2015-03-22,,45804.833333333336
2015-03-23,,58110.083333333336
2015-03-24,,59139.458333333336
2015-03-25,,58828.625
2015-03-26,,59693.0
2015-03-27,,59059.75
2015-03-28,,49958.208333333336
2015-03-29,,46432.217391304344
2015-03-30,,59599.0
2015-03-31,,61580.833333333336
2015-04-01,,61227.666666666664
2015-04-02,,59106.75
2015-04-03,,46068.291666666664
2015-04-04,,45262.416666666664
2015-04-05,,41336.708333333336
2015-04-06,,42287.125
2015-04-07,,56926.75
2015-04-08,,57849.875
2015-04-09,,56773.875
2015-04-10,,55503.625
2015-04-11,,48108.041666666664
2015-04-12,,43502.208333333336
2015-04-13,,56544.375
2015-04-14,,57913.25
2015-04-15,,57906.666666666664
2015-04-16,,56965.958333333336
2015-04-17,,55303.5
2015-04-18,,46890.708333333336
2015-04-19,,42281.291666666664
2015-04-20,,54440.208333333336
2015-04-21,,56120.708333333336
2015-04-22,,56098.333333333336
2015-04-23,,55688.25
2015-04-24,,55237.583333333336
2015-04-25,,47344.833333333336
2015-04-26,,42585.958333333336
2015-04-27,,56241.416666666664
2015-04-28,,56935.208333333336
2015-04-29,,57028.833333333336
2015-04-30,,56038.333333333336
2015-05-01,,42655.333333333336
2015-05-02,,44077.166666666664
2015-05-03,,43181.791666666664
2015-05-04,,55487.25
2015-05-05,,57600.333333333336
2015-05-06,,56920.375
2015-05-07,,56982.166666666664
2015-05-08,,55459.583333333336
2015-05-09,,47523.375
2015-05-10,,42641.416666666664
2015-05-11,,55838.958333333336
2015-05-12,,57050.458333333336
2015-05-13,,56235.708333333336
2015-05-14,,43404.791666666664
2015-05-15,,49080.208333333336
2015-05-16,,45922.666666666664
2015-05-17,,42426.625
2015-05-18,,55022.291666666664
2015-05-19,,57327.416666666664
2015-05-20,,56433.708333333336
2015-05-21,,56312.625
2015-05-22,,55328.625
2015-05-23,,46286.791666666664
2015-05-24,,39706.75
2015-05-25,,40867.791666666664
2015-05-26,,54066.75
2015-05-27,,55788.125
2015-05-28,,56472.625
2015-05-29,,55476.041666666664
2015-05-30,,47566.875
2015-05-31,,42652.583333333336
2015-06-01,,54125.416666666664
2015-06-02,,56609.208333333336
2015-06-03,,55842.958333333336
2015-06-04,,47009.041666666664
2015-06-05,,51528.083333333336
2015-06-06,,46811.666666666664
2015-06-07,,42263.833333333336
2015-06-08,,55154.583333333336
2015-06-09,,57013.666666666664
2015-06-10,,57087.75
2015-06-11,,56711.541666666664
2015-06-12,,56192.041666666664
2015-06-13,,47576.041666666664
2015-06-14,,42356.416666666664
2015-06-15,,54426.541666666664
2015-06-16,,55756.625
2015-06-17,,56091.25
2015-06-18,,56730.458333333336
2015-06-19,,56011.291666666664
2015-06-20,,46363.625
2015-06-21,,42621.458333333336
2015-06-22,,55000.041666666664
2015-06-23,,56477.083333333336
2015-06-24,,57147.75
2015-06-25,,56399.416666666664
2015-06-26,,55510.458333333336
2015-06-27,,47278.166666666664
2015-06-28,,42183.75
2015-06-29,,54827.375
2015-06-30,,55817.875
2015-07-01,,57462.833333333336
2015-07-02,,59019.041666666664
2015-07-03,,58016.083333333336
2015-07-04,,49317.666666666664
2015-07-05,,44879.541666666664
2015-07-06,,57241.625
2015-07-07,,58445.166666666664
2015-07-08,,58345.0
2015-07-09,,57219.333333333336
2015-07-10,,55496.666666666664
2015-07-11,,47088.958333333336
2015-07-12,,43460.166666666664
2015-07-13,,55888.708333333336
2015-07-14,,57470.583333333336
2015-07-15,,57446.333333333336
2015-07-16,,57594.625
2015-07-17,,57169.416666666664
2015-07-18,,47399.75
2015-07-19,,43102.041666666664
2015-07-20,,55588.958333333336
2015-07-21,,58007.75
2015-07-22,,58094.125
2015-07-23,,56941.875
2015-07-24,,55707.166666666664
2015-07-25,,48723.5
2015-07-26,,42638.583333333336
2015-07-27,,55087.208333333336
2015-07-28,,56714.583333333336
2015-07-29,,56181.0
2015-07-30,,56305.875
2015-07-31,,54048.666666666664
2015-08-01,,45947.833333333336
2015-08-02,,41874.541666666664
2015-08-03,,54189.666666666664
2015-08-04,,55858.041666666664
2015-08-05,,54893.958333333336
2015-08-06,,56017.0
2015-08-07,,55111.291666666664
2015-08-08,,48209.291666666664
2015-08-09,,43241.666666666664
2015-08-10,,54417.375
2015-08-11,,56412.875
2015-08-12,,56121.25
2015-08-13,,56439.083333333336
2015-08-14,,55794.791666666664
2015-08-15,,46779.875
2015-08-16,,42831.291666666664
2015-08-17,,54262.125
2015-08-18,,54960.458333333336
2015-08-19,,54568.458333333336
2015-08-20,,54907.0
2015-08-21,,54146.416666666664
2015-08-22,,46537.916666666664
2015-08-23,,43185.416666666664
2015-08-24,,55790.875
2015-08-25,,58499.25
2015-08-26,,58181.583333333336
2015-08-27,,57150.666666666664
2015-08-28,,55602.333333333336
2015-08-29,,47388.833333333336
2015-08-30,,43059.333333333336
2015-08-31,,56606.666666666664
2015-09-01,,58203.541666666664
2015-09-02,,57076.208333333336
2015-09-03,,56773.291666666664
2015-09-04,,55922.041666666664
2015-09-05,,48112.291666666664
2015-09-06,,44503.916666666664
2015-09-07,,55814.916666666664
2015-09-08,,56924.5
2015-09-09,,56470.5
2015-09-10,,56645.708333333336
2015-09-11,,56195.291666666664
2015-09-12,,48020.166666666664
2015-09-13,,43895.416666666664
2015-09-14,,56809.791666666664
2015-09-15,,58782.458333333336
2015-09-16,,58677.791666666664
2015-09-17,,59236.875
2015-09-18,,56861.75
2015-09-19,,47874.958333333336
2015-09-20,,43782.708333333336
2015-09-21,,51442.0
2015-09-22,,54301.416666666664
2015-09-23,,56971.0
2015-09-24,,57950.375
2015-09-25,,56841.458333333336
2015-09-26,,48404.708333333336
2015-09-27,,43437.25
2015-09-28,,56389.333333333336
2015-09-29,,58159.75
2015-09-30,,57978.875
2015-10-01,,57640.375
2015-10-02,,55524.75
2015-10-03,,44625.916666666664
2015-10-04,,43560.625
2015-10-05,,56047.791666666664
2015-10-06,,59180.125
2015-10-07,,58820.375
2015-10-08,,58331.375
2015-10-09,,57171.583333333336
2015-10-10,,48598.416666666664
2015-10-11,,44669.583333333336
2015-10-12,,57388.166666666664
2015-10-13,,59742.25
2015-10-14,,60667.375
2015-10-15,,60661.291666666664
2015-10-16,,59264.5
2015-10-17,,50163.833333333336
2015-10-18,,45813.625
2015-10-19,,58297.791666666664
2015-10-20,,59545.666666666664
2015-10-21,,59490.208333333336
2015-10-22,,60023.416666666664
2015-10-23,,57526.708333333336
2015-10-24,,49790.375
2015-10-25,,45509.2
2015-10-26,,57626.625
2015-10-27,,59585.083333333336
2015-10-28,,59936.25
2015-10-29,,59443.833333333336
2015-10-30,,58324.708333333336
2015-10-31,,49130.458333333336
2015-11-01,,45166.375
2015-11-02,,58307.958333333336
2015-11-03,,60387.458333333336
2015-11-04,,60307.25
2015-11-05,,59682.291666666664
2015-11-06,,59285.0
2015-11-07,,51137.625
2015-11-08,,46341.666666666664
2015-11-09,,60406.0
2015-11-10,,62239.166666666664
2015-11-11,,61663.833333333336
2015-11-12,,61733.25
2015-11-13,,61339.333333333336
2015-11-14,,53013.25
2015-11-15,,48972.833333333336
2015-11-16,,60928.458333333336
2015-11-17,,62947.0
2015-11-18,,63214.875
2015-11-19,,64364.0
2015-11-20,,61827.125
2015-11-21,,52850.291666666664
2015-11-22,,49459.5
2015-11-23,,62149.708333333336
2015-11-24,,65276.541666666664
2015-11-25,,64735.333333333336
2015-11-26,,63629.833333333336
2015-11-27,,62691.625
2015-11-28,,55044.25
2015-11-29,,51573.208333333336
2015-11-30,,63660.5
2015-12-01,,64060.125
2015-12-02,,63495.75
2015-12-03,,62595.041666666664
2015-12-04,,63056.458333333336
2015-12-05,,54099.791666666664
2015-12-06,,49853.375
2015-12-07,,61119.125
2015-12-08,,63035.125
2015-12-09,,63313.75
2015-12-10,,64414.125
2015-12-11,,64143.291666666664
2015-12-12,,53654.5
2015-12-13,,49627.541666666664
2015-12-14,,61493.041666666664
2015-12-15,,62256.458333333336
2015-12-16,,62520.25
2015-12-17,,60726.458333333336
2015-12-18,,59116.375
2015-12-19,,50674.416666666664
2015-12-20,,46792.041666666664
2015-12-21,,56459.666666666664
2015-12-22,,55943.125
2015-12-23,,53298.708333333336
2015-12-24,,45231.375
2015-12-25,,41600.375
2015-12-26,,42254.875
2015-12-27,,43123.541666666664
2015-12-28,,48660.708333333336
2015-12-29,,49355.625
2015-12-30,,49644.541666666664
2015-12-31,,46842.541666666664
2016-01-01,,42080.333333333336
2016-01-02,,47628.625
2016-01-03,,47069.541666666664
2016-01-04,,57556.958333333336
2016-01-05,,59581.458333333336
2016-01-06,,57342.083333333336
2016-01-07,,61604.5
2016-01-08,,61290.083333333336
2016-01-09,,51875.958333333336
2016-01-10,,47028.291666666664
2016-01-11,,62018.333333333336
2016-01-12,,63183.541666666664
2016-01-13,,63541.75
2016-01-14,,63220.583333333336
2016-01-15,,63218.541666666664
2016-01-16,,53780.791666666664
2016-01-17,,50272.333333333336
2016-01-18,,63791.5
2016-01-19,,65806.83333333333
2016-01-20,,65321.041666666664
2016-01-21,,64907.416666666664
2016-01-22,,64542.833333333336
2016-01-23,,55124.833333333336
2016-01-24,,49480.583333333336
2016-01-25,,61174.166666666664
2016-01-26,,62656.708333333336
2016-01-27,,63381.416666666664
2016-01-28,,62527.166666666664
2016-01-29,,61747.333333333336
2016-01-30,,53933.541666666664
2016-01-31,,48963.166666666664
2016-02-01,,62103.708333333336
2016-02-02,,63578.5
2016-02-03,,63816.708333333336
2016-02-04,,63462.416666666664
2016-02-05,,61669.875
2016-02-06,,52432.25
2016-02-07,,48195.5
2016-02-08,,60794.208333333336
2016-02-09,,62702.666666666664
2016-02-10,,63500.833333333336
2016-02-11,,62581.125
2016-02-12,,61178.041666666664
2016-02-13,,52963.083333333336
2016-02-14,,49066.708333333336
2016-02-15,,62235.333333333336
2016-02-16,,63306.958333333336
2016-02-17,,64014.166666666664
2016-02-18,,62615.208333333336
2016-02-19,,62522.375
2016-02-20,,55406.041666666664
2016-02-21,,49634.375
2016-02-22,,62170.75
2016-02-23,,62784.5
2016-02-24,,62467.458333333336
2016-02-25,,62493.666666666664
2016-02-26,,60746.708333333336
2016-02-27,,51706.291666666664
2016-02-28,,48076.708333333336
2016-02-29,,60692.541666666664
2016-03-01,,63313.25
2016-03-02,,62865.416666666664
2016-03-03,,62217.583333333336
2016-03-04,,61510.041666666664
2016-03-05,,52092.791666666664
2016-03-06,,48176.208333333336
2016-03-07,,60362.708333333336
2016-03-08,,62079.041666666664
2016-03-09,,62314.666666666664
2016-03-10,,61442.083333333336
2016-03-11,,60959.0
2016-03-12,,53769.166666666664
2016-03-13,,49939.5
2016-03-14,,60079.583333333336
2016-03-15,,61821.0
2016-03-16,,61810.583333333336
2016-03-17,,60355.416666666664
2016-03-18,,60226.916666666664
2016-03-19,,51572.375
2016-03-20,,47631.875
2016-03-21,,59845.166666666664
2016-03-22,,60762.375
2016-03-23,,60491.166666666664
2016-03-24,,59270.416666666664
2016-03-25,,47794.083333333336
2016-03-26,,46931.375
2016-03-27,,43454.434782608696
2016-03-28,,44901.875
2016-03-29,,57554.708333333336
2016-03-30,,59391.208333333336
2016-03-31,,58842.541666666664
2016-04-01,,58242.791666666664
2016-04-02,,49089.333333333336
2016-04-03,,44435.625
2016-04-04,,56398.541666666664
2016-04-05,,58199.375
2016-04-06,,59479.083333333336
2016-04-07,,59165.166666666664
2016-04-08,,57840.75
2016-04-09,,48528.375
2016-04-10,,44147.541666666664
2016-04-11,,56863.291666666664
2016-04-12,,57778.041666666664
2016-04-13,,58375.958333333336
2016-04-14,,58342.291666666664
2016-04-15,,57074.166666666664
2016-04-16,,43623.5
2016-04-17,,40302.541666666664
2016-04-18,,55729.958333333336
2016-04-19,,58366.541666666664
2016-04-20,,57568.458333333336
2016-04-21,,57091.75
2016-04-22,,56247.541666666664
2016-04-23,,48057.833333333336
2016-04-24,,40409.708333333336
2016-04-25,,57174.208333333336
2016-04-26,,59467.208333333336
2016-04-27,,60701.666666666664
2016-04-28,,59170.208333333336
2016-04-29,,57643.958333333336
2016-04-30,,48033.708333333336
2016-05-01,,42139.583333333336
2016-05-02,,54811.208333333336
2016-05-03,,57804.875
2016-05-04,,56794.583333333336
2016-05-05,,44776.458333333336
2016-05-06,,50263.083333333336
2016-05-07,,46579.333333333336
2016-05-08,,43209.625
2016-05-09,,56332.416666666664
2016-05-10,,57502.583333333336
2016-05-11,,57640.791666666664
2016-05-12,,58777.0
2016-05-13,,56594.916666666664
2016-05-14,,48031.833333333336
2016-05-15,,42260.166666666664
2016-05-16,,42823.25
2016-05-17,,53797.708333333336
2016-05-18,,57138.083333333336
2016-05-19,,57532.5
2016-05-20,,56989.666666666664
2016-05-21,,48010.958333333336
2016-05-22,,43951.083333333336
2016-05-23,,56205.375
2016-05-24,,58117.916666666664
2016-05-25,,56890.791666666664
2016-05-26,,48623.875
2016-05-27,,52455.0
2016-05-28,,47110.041666666664
2016-05-29,,43743.916666666664
2016-05-30,,56679.333333333336
2016-05-31,,57754.541666666664
2016-06-01,,57929.333333333336
2016-06-02,,57676.708333333336
2016-06-03,,56307.416666666664
2016-06-04,,47574.875
2016-06-05,,43486.541666666664
2016-06-06,,55854.041666666664
2016-06-07,,57289.208333333336
2016-06-08,,57271.541666666664
2016-06-09,,56989.416666666664
2016-06-10,,55875.083333333336
2016-06-11,,46942.541666666664
2016-06-12,,43543.75
2016-06-13,,55829.833333333336
2016-06-14,,57124.5
2016-06-15,,57038.625
2016-06-16,,57342.791666666664
2016-06-17,,56753.875
2016-06-18,,47727.541666666664
2016-06-19,,43307.083333333336
2016-06-20,,55554.625
2016-06-21,,56200.833333333336
2016-06-22,,57019.958333333336
2016-06-23,,57850.666666666664
2016-06-24,,57688.25
2016-06-25,,48717.833333333336
2016-06-26,,43515.083333333336
2016-06-27,,56332.833333333336
2016-06-28,,57197.0
2016-06-29,,58134.875
2016-06-30,,57783.208333333336
2016-07-01,,56752.416666666664
2016-07-02,,48075.333333333336
2016-07-03,,43101.708333333336
2016-07-04,,55362.958333333336
2016-07-05,,58126.833333333336
2016-07-06,,58272.25
2016-07-07,,56816.375
2016-07-08,,56932.208333333336
2016-07-09,,48153.5
2016-07-10,,44215.208333333336
2016-07-11,,56912.875
2016-07-12,,57594.291666666664
2016-07-13,,56568.916666666664
2016-07-14,,57014.583333333336
2016-07-15,,55847.666666666664
2016-07-16,,46995.0
2016-07-17,,43284.166666666664
2016-07-18,,55513.583333333336
2016-07-19,,57100.291666666664
2016-07-20,,58146.041666666664
2016-07-21,,57763.833333333336
2016-07-22,,56371.416666666664
2016-07-23,,47485.375
2016-07-24,,43016.416666666664
2016-07-25,,55827.333333333336
2016-07-26,,56837.375
2016-07-27,,56549.166666666664
2016-07-28,,56096.25
2016-07-29,,54858.666666666664
2016-07-30,,46767.416666666664
2016-07-31,,42393.833333333336
2016-08-01,,53292.583333333336
2016-08-02,,55410.5
2016-08-03,,56253.083333333336
2016-08-04,,56176.375
2016-08-05,,54149.958333333336
2016-08-06,,45704.75
2016-08-07,,41835.291666666664
2016-08-08,,54548.5
2016-08-09,,54914.333333333336
2016-08-10,,54740.291666666664
2016-08-11,,54509.458333333336
2016-08-12,,54342.291666666664
2016-08-13,,46667.083333333336
2016-08-14,,42057.791666666664
2016-08-15,,52011.083333333336
2016-08-16,,54712.458333333336
2016-08-17,,55002.875
2016-08-18,,55505.291666666664
2016-08-19,,54611.625
2016-08-20,,47361.666666666664
2016-08-21,,42883.75
2016-08-22,,55479.125
2016-08-23,,56582.916666666664
2016-08-24,,56874.041666666664
2016-08-25,,57113.541666666664
2016-08-26,,56708.625
2016-08-27,,48583.416666666664
2016-08-28,,44370.083333333336
2016-08-29,,57182.416666666664
2016-08-30,,56906.083333333336
2016-08-31,,56588.25
2016-09-01,,56489.625
2016-09-02,,55504.416666666664
2016-09-03,,46564.458333333336
2016-09-04,,43809.291666666664
2016-09-05,,55739.708333333336
2016-09-06,,56364.25
2016-09-07,,56751.125
2016-09-08,,57398.125
2016-09-09,,56053.25
2016-09-10,,46761.208333333336
2016-09-11,,42806.958333333336
2016-09-12,,55843.916666666664
2016-09-13,,57579.875
2016-09-14,,57750.25
2016-09-15,,57685.291666666664
2016-09-16,,55840.958333333336
2016-09-17,,46156.916666666664
2016-09-18,,38601.208333333336
2016-09-19,,54366.708333333336
2016-09-20,,56322.416666666664
2016-09-21,,55924.0
2016-09-22,,55750.833333333336
2016-09-23,,55427.0
2016-09-24,,46556.166666666664
2016-09-25,,42826.625
2016-09-26,,55637.041666666664
2016-09-27,,57225.833333333336
2016-09-28,,58411.583333333336
2016-09-29,,59047.583333333336
2016-09-30,,57273.708333333336
2016-10-01,,47812.083333333336
2016-10-02,,43299.083333333336
2016-10-03,,44056.083333333336
2016-10-04,,57235.041666666664
2016-10-05,,59258.583333333336
2016-10-06,,60623.041666666664
2016-10-07,,59317.083333333336
2016-10-08,,49985.625
2016-10-09,,46030.041666666664
2016-10-10,,58212.458333333336
2016-10-11,,60362.25
2016-10-12,,60604.875
2016-10-13,,61052.041666666664
2016-10-14,,59611.875
2016-10-15,,50309.791666666664
2016-10-16,,45337.416666666664
2016-10-17,,58625.916666666664
2016-10-18,,60454.458333333336
2016-10-19,,60988.708333333336
2016-10-20,,61278.833333333336
2016-10-21,,60004.625
2016-10-22,,50692.0
2016-10-23,,46390.791666666664
2016-10-24,,60034.833333333336
2016-10-25,,60843.5
2016-10-26,,60295.833333333336
2016-10-27,,60705.291666666664
2016-10-28,,60041.166666666664
2016-10-29,,50262.958333333336
2016-10-30,,45306.8
2016-10-31,,53155.75
2016-11-01,,51853.458333333336
2016-11-02,,61781.041666666664
2016-11-03,,63064.333333333336
2016-11-04,,61114.5
2016-11-05,,52587.25
2016-11-06,,48486.125
2016-11-07,,61385.583333333336
2016-11-08,,63255.708333333336
2016-11-09,,63750.958333333336
2016-11-10,,63624.791666666664
2016-11-11,,63159.916666666664
2016-11-12,,54189.833333333336
2016-11-13,,50055.583333333336
2016-11-14,,62897.583333333336
2016-11-15,,64754.958333333336
2016-11-16,,63911.916666666664
2016-11-17,,63811.416666666664
2016-11-18,,63037.291666666664
2016-11-19,,53680.166666666664
2016-11-20,,49869.625
2016-11-21,,62311.541666666664
2016-11-22,,62668.416666666664
2016-11-23,,62441.958333333336
2016-11-24,,63265.125
2016-11-25,,62514.625
2016-11-26,,53511.625
2016-11-27,,48999.25
2016-11-28,,62920.166666666664
2016-11-29,,65082.791666666664
2016-11-30,,65816.0
2016-12-01,,65664.75
2016-12-02,,63389.875
2016-12-03,,54241.458333333336
2016-12-04,,51147.166666666664
2016-12-05,,64054.0
2016-12-06,,66339.41666666667
2016-12-07,,66914.58333333333
2016-12-08,,65203.625
2016-12-09,,63186.791666666664
2016-12-10,,53514.125
2016-12-11,,50541.958333333336
2016-12-12,,63027.416666666664
2016-12-13,,64385.875
2016-12-14,,63837.375
2016-12-15,,64271.75
2016-12-16,,62876.291666666664
2016-12-17,,54380.0
2016-12-18,,50104.833333333336
2016-12-19,,61658.125
2016-12-20,,62988.083333333336
2016-12-21,,62775.791666666664
2016-12-22,,60729.75
2016-12-23,,56116.666666666664
2016-12-24,,47946.25
2016-12-25,,44429.916666666664
2016-12-26,,44892.625
2016-12-27,,52102.75
2016-12-28,,51258.166666666664
2016-12-29,,51032.875
2016-12-30,,51084.708333333336
2016-12-31,,47782.291666666664
2017-01-01,,42715.458333333336
2017-01-02,,55728.041666666664
2017-01-03,,62441.416666666664
2017-01-04,,63698.791666666664
2017-01-05,,62467.083333333336
2017-01-06,,59851.875
2017-01-07,,56445.0
2017-01-08,,51255.0
2017-01-09,,63688.875
2017-01-10,,65772.29166666667
2017-01-11,,66837.5
2017-01-12,,65576.66666666667
2017-01-13,,65461.875
2017-01-14,,56291.708333333336
2017-01-15,,51941.416666666664
2017-01-16,,64620.458333333336
2017-01-17,,66507.54166666667
2017-01-18,,66737.91666666667
2017-01-19,,66751.54166666667
2017-01-20,,65382.5
2017-01-21,,56580.791666666664
2017-01-22,,52471.916666666664
2017-01-23,,66105.83333333333
2017-01-24,,67228.375
2017-01-25,,67019.375
2017-01-26,,66564.125
2017-01-27,,65824.04166666667
2017-01-28,,56633.833333333336
2017-01-29,,52189.208333333336
2017-01-30,,64930.833333333336
2017-01-31,,64963.583333333336
2017-02-01,,65291.458333333336
2017-02-02,,64908.958333333336
2017-02-03,,63165.083333333336
2017-02-04,,54523.5
2017-02-05,,49698.833333333336
2017-02-06,,62805.666666666664
2017-02-07,,65239.833333333336
2017-02-08,,65567.33333333333
2017-02-09,,65882.66666666667
2017-02-10,,65444.25
2017-02-11,,55956.583333333336
2017-02-12,,51534.583333333336
2017-02-13,,64846.166666666664
2017-02-14,,64937.708333333336
2017-02-15,,64109.875
2017-02-16,,63936.75
2017-02-17,,63333.291666666664
2017-02-18,,53756.833333333336
2017-02-19,,49905.416666666664
2017-02-20,,63579.0
2017-02-21,,64201.125
2017-02-22,,65159.416666666664
2017-02-23,,64189.0
2017-02-24,,62388.75
2017-02-25,,53265.083333333336
2017-02-26,,48424.666666666664
2017-02-27,,59404.083333333336
2017-02-28,,62946.583333333336
2017-03-01,,63143.166666666664
2017-03-02,,64161.458333333336
2017-03-03,,61024.708333333336
2017-03-04,,51221.041666666664
2017-03-05,,48350.166666666664
2017-03-06,,61045.541666666664
2017-03-07,,62890.0
2017-03-08,,63792.041666666664
2017-03-09,,62954.125
2017-03-10,,60885.541666666664
2017-03-11,,51695.583333333336
2017-03-12,,47404.333333333336
2017-03-13,,59426.875
2017-03-14,,60756.625
2017-03-15,,60753.25
2017-03-16,,59844.166666666664
2017-03-17,,59826.041666666664
2017-03-18,,53216.458333333336
2017-03-19,,49373.458333333336
2017-03-20,,60457.458333333336
2017-03-21,,61204.708333333336
2017-03-22,,61739.791666666664
2017-03-23,,60957.625
2017-03-24,,60073.375
2017-03-25,,50176.291666666664
2017-03-26,,45382.0
2017-03-27,,58228.875
2017-03-28,,59002.625
2017-03-29,,59867.75
2017-03-30,,58968.083333333336
2017-03-31,,57850.916666666664
2017-04-01,,48371.291666666664
2017-04-02,,43783.541666666664
2017-04-03,,56794.333333333336
2017-04-04,,57698.5
2017-04-05,,59220.333333333336
2017-04-06,,59634.833333333336
2017-04-07,,58877.708333333336
2017-04-08,,49088.666666666664
2017-04-09,,44476.583333333336
2017-04-10,,57841.166666666664
2017-04-11,,58700.458333333336
2017-04-12,,59370.166666666664
2017-04-13,,58023.708333333336
2017-04-14,,45703.708333333336
2017-04-15,,46964.208333333336
2017-04-16,,42585.208333333336
2017-04-17,,43200.25
2017-04-18,,57629.583333333336
2017-04-19,,59521.958333333336
2017-04-20,,59568.708333333336
2017-04-21,,59181.25
2017-04-22,,51216.541666666664
2017-04-23,,46389.458333333336
2017-04-24,,58907.875
2017-04-25,,59979.625
2017-04-26,,60284.875
2017-04-27,,60037.041666666664
2017-04-28,,58955.458333333336
2017-04-29,,48384.333333333336
2017-04-30,,44469.708333333336
2017-05-01,,44929.0
2017-05-02,,58544.125
2017-05-03,,59910.333333333336
2017-05-04,,60679.958333333336
2017-05-05,,58478.916666666664
2017-05-06,,49010.708333333336
2017-05-07,,44930.208333333336
2017-05-08,,58147.75
2017-05-09,,57962.541666666664
2017-05-10,,57713.916666666664
2017-05-11,,57562.916666666664
2017-05-12,,57092.5
2017-05-13,,48402.458333333336
2017-05-14,,43425.583333333336
2017-05-15,,55828.583333333336
2017-05-16,,58010.875
2017-05-17,,58265.833333333336
2017-05-18,,58486.875
2017-05-19,,57380.166666666664
2017-05-20,,48071.875
2017-05-21,,43276.708333333336
2017-05-22,,55552.125
2017-05-23,,57547.625
2017-05-24,,56964.208333333336
2017-05-25,,44503.958333333336
2017-05-26,,49846.833333333336
2017-05-27,,46722.583333333336
2017-05-28,,43849.708333333336
2017-05-29,,56835.166666666664
2017-05-30,,58574.833333333336
2017-05-31,,58130.416666666664
2017-06-01,,56877.208333333336
2017-06-02,,56365.25
2017-06-03,,47418.0
2017-06-04,,41401.708333333336
2017-06-05,,41641.083333333336
2017-06-06,,55846.875
2017-06-07,,58530.791666666664
2017-06-08,,56898.583333333336
2017-06-09,,56750.25
2017-06-10,,47613.958333333336
2017-06-11,,43944.5
2017-06-12,,57557.125
2017-06-13,,58129.958333333336
2017-06-14,,56210.625
2017-06-15,,49981.291666666664
2017-06-16,,53929.041666666664
2017-06-17,,47554.125
2017-06-18,,43644.791666666664
2017-06-19,,56987.208333333336
2017-06-20,,59015.0
2017-06-21,,58541.375
2017-06-22,,59713.958333333336
2017-06-23,,58872.541666666664
2017-06-24,,49676.041666666664
2017-06-25,,44916.0
2017-06-26,,56983.333333333336
2017-06-27,,57839.583333333336
2017-06-28,,58192.875
2017-06-29,,57813.75
2017-06-30,,57517.208333333336
2017-07-01,,48515.75
2017-07-02,,44114.083333333336
2017-07-03,,55844.708333333336
2017-07-04,,57677.583333333336
2017-07-05,,58277.041666666664
2017-07-06,,58657.916666666664
2017-07-07,,58350.916666666664
2017-07-08,,49548.541666666664
2017-07-09,,44472.25
2017-07-10,,57621.041666666664
2017-07-11,,58489.5
2017-07-12,,58799.75
2017-07-13,,57532.583333333336
2017-07-14,,56797.041666666664
2017-07-15,,47683.375
2017-07-16,,43635.791666666664
2017-07-17,,56064.083333333336
2017-07-18,,57765.458333333336
2017-07-19,,58473.75
2017-07-20,,57804.083333333336
2017-07-21,,56322.958333333336
2017-07-22,,48185.5
2017-07-23,,43149.083333333336
2017-07-24,,55041.916666666664
2017-07-25,,56577.333333333336
2017-07-26,,56924.041666666664
2017-07-27,,57037.541666666664
2017-07-28,,54991.75
2017-07-29,,47080.75
2017-07-30,,43478.958333333336
2017-07-31,,54839.916666666664
2017-08-01,,56560.041666666664
2017-08-02,,56582.541666666664
2017-08-03,,57399.166666666664
2017-08-04,,56100.541666666664
2017-08-05,,46532.333333333336
2017-08-06,,41633.625
2017-08-07,,53578.416666666664
2017-08-08,,56083.666666666664
2017-08-09,,56336.833333333336
2017-08-10,,55939.833333333336
2017-08-11,,55003.0
2017-08-12,,46151.5
2017-08-13,,41734.916666666664
2017-08-14,,52891.041666666664
2017-08-15,,54314.875
2017-08-16,,55835.625
2017-08-17,,56577.833333333336
2017-08-18,,56018.791666666664
2017-08-19,,46803.666666666664
2017-08-20,,42371.958333333336
2017-08-21,,54436.625
2017-08-22,,55165.625
2017-08-23,,55552.75
2017-08-24,,56551.625
2017-08-25,,55457.041666666664
2017-08-26,,46970.458333333336
2017-08-27,,42784.958333333336
2017-08-28,,54999.583333333336
2017-08-29,,56835.625
2017-08-30,,57642.833333333336
2017-08-31,,57046.583333333336
2017-09-01,,54845.125
2017-09-02,,45969.541666666664
2017-09-03,,42081.0
2017-09-04,,54686.541666666664
2017-09-05,,56605.083333333336
2017-09-06,,57970.083333333336
2017-09-07,,56715.583333333336
2017-09-08,,57361.166666666664
2017-09-09,,48174.208333333336
2017-09-10,,43388.208333333336
2017-09-11,,57070.458333333336
2017-09-12,,58482.583333333336
2017-09-13,,59973.375
2017-09-14,,59489.708333333336
2017-09-15,,57234.333333333336
2017-09-16,,48064.541666666664
2017-09-17,,43669.291666666664
2017-09-18,,56533.791666666664
2017-09-19,,57737.708333333336
2017-09-20,,57982.875
2017-09-21,,57537.333333333336
2017-09-22,,56735.25
2017-09-23,,48508.5
2017-09-24,,44477.125
2017-09-25,,57277.958333333336
2017-09-26,,58106.75
2017-09-27,,58561.166666666664
2017-09-28,,58794.375
2017-09-29,,57943.125
2017-09-30,,49274.291666666664
2017-10-01,,43793.583333333336
2017-10-02,,53337.708333333336
2017-10-03,,47457.5
2017-10-04,,58107.291666666664
2017-10-05,,59864.375
2017-10-06,,59570.958333333336
2017-10-07,,50527.208333333336
2017-10-08,,45868.125
2017-10-09,,58710.0
2017-10-10,,60673.208333333336
2017-10-11,,60636.333333333336
2017-10-12,,60609.791666666664
2017-10-13,,59143.291666666664
2017-10-14,,50045.125
2017-10-15,,44604.916666666664
2017-10-16,,57845.541666666664
2017-10-17,,60373.875
2017-10-18,,60014.916666666664
2017-10-19,,59876.25
2017-10-20,,60231.416666666664
2017-10-21,,50862.416666666664
2017-10-22,,46635.083333333336
2017-10-23,,59742.541666666664
2017-10-24,,61298.875
2017-10-25,,61649.0
2017-10-26,,60823.291666666664
2017-10-27,,59895.833333333336
2017-10-28,,51751.125
2017-10-29,,48398.64
2017-10-30,,53986.833333333336
2017-10-31,,48647.75
2017-11-01,,54360.041666666664
2017-11-02,,59700.916666666664
2017-11-03,,59272.25
2017-11-04,,52386.041666666664
2017-11-05,,47534.333333333336
2017-11-06,,60480.958333333336
2017-11-07,,62508.916666666664
2017-11-08,,62094.833333333336
2017-11-09,,62384.458333333336
2017-11-10,,62776.375
2017-11-11,,54349.833333333336
2017-11-12,,49763.583333333336
2017-11-13,,61982.208333333336
2017-11-14,,63511.75
2017-11-15,,62056.291666666664
2017-11-16,,63840.333333333336
2017-11-17,,62893.583333333336
2017-11-18,,55302.75
2017-11-19,,50271.416666666664
2017-11-20,,63355.458333333336
2017-11-21,,64015.375
2017-11-22,,63566.5
2017-11-23,,64845.833333333336
2017-11-24,,63005.083333333336
2017-11-25,,54693.833333333336
2017-11-26,,51345.166666666664
2017-11-27,,65570.16666666667
2017-11-28,,65861.91666666667
2017-11-29,,64452.25
2017-11-30,,64805.541666666664
2017-12-01,,63617.541666666664
2017-12-02,,56136.875
2017-12-03,,53201.25
2017-12-04,,65932.04166666667
2017-12-05,,66858.33333333333
2017-12-06,,66581.0
2017-12-07,,66611.0
2017-12-08,,65820.0
2017-12-09,,57081.916666666664
2017-12-10,,52974.708333333336
2017-12-11,,65505.125
2017-12-12,,67084.45833333333
2017-12-13,,67237.75
2017-12-14,,67094.25
2017-12-15,,63977.0
2017-12-16,,55976.458333333336
2017-12-17,,52088.75
2017-12-18,,64009.958333333336
2017-12-19,,64252.625
2017-12-20,,62767.333333333336
2017-12-21,,61472.416666666664
2017-12-22,,57520.625
2017-12-23,,50724.875
2017-12-24,,45324.75
2017-12-25,,44127.666666666664
2017-12-26,,45375.291666666664
2017-12-27,,50923.958333333336
2017-12-28,,52415.625
2017-12-29,,51931.291666666664
2017-12-30,,48519.375
2017-12-31,,44220.166666666664
2018-01-01,,44338.083333333336
2018-01-02,,56459.625
2018-01-03,,61474.5
2018-01-04,,61152.708333333336
2018-01-05,,59930.541666666664
2018-01-06,,51265.708333333336
2018-01-07,,49160.791666666664
2018-01-08,,63256.166666666664
2018-01-09,,64606.75
2018-01-10,,62481.416666666664
2018-01-11,,62771.791666666664
2018-01-12,,62137.458333333336
2018-01-13,,54488.541666666664
2018-01-14,,50528.833333333336
2018-01-15,,64978.708333333336
2018-01-16,,66371.79166666667
2018-01-17,,66764.25
2018-01-18,,66557.875
2018-01-19,,63309.708333333336
2018-01-20,,54868.458333333336
2018-01-21,,50274.166666666664
2018-01-22,,62910.0
2018-01-23,,64231.791666666664
2018-01-24,,64937.875
2018-01-25,,63583.0
2018-01-26,,61631.916666666664
2018-01-27,,53527.375
2018-01-28,,50132.166666666664
2018-01-29,,63356.083333333336
2018-01-30,,64005.791666666664
2018-01-31,,65481.25
2018-02-01,,65010.125
2018-02-02,,63525.75
2018-02-03,,53843.333333333336
2018-02-04,,50389.958333333336
2018-02-05,,62892.166666666664
2018-02-06,,64096.583333333336
2018-02-07,,65044.5
2018-02-08,,64798.958333333336
2018-02-09,,64784.833333333336
2018-02-10,,55486.041666666664
2018-02-11,,51581.125
2018-02-12,,62391.041666666664
2018-02-13,,63217.291666666664
2018-02-14,,64426.708333333336
2018-02-15,,66277.20833333333
2018-02-16,,63357.416666666664
2018-02-17,,55095.458333333336
2018-02-18,,50436.583333333336
2018-02-19,,62408.583333333336
2018-02-20,,63672.583333333336
2018-02-21,,63441.125
2018-02-22,,63894.25
2018-02-23,,63669.916666666664
2018-02-24,,55759.791666666664
2018-02-25,,51888.333333333336
2018-02-26,,65520.0
2018-02-27,,67515.25
2018-02-28,,68005.79166666667
2018-03-01,,67491.95833333333
2018-03-02,,66995.5
2018-03-03,,57275.833333333336
2018-03-04,,51410.125
2018-03-05,,61293.75
2018-03-06,,62213.583333333336
2018-03-07,,63114.083333333336
2018-03-08,,63774.916666666664
2018-03-09,,63156.458333333336
2018-03-10,,53063.458333333336
2018-03-11,,47795.458333333336
2018-03-12,,60590.708333333336
2018-03-13,,63254.083333333336
2018-03-14,,62203.916666666664
2018-03-15,,63918.0
2018-03-16,,63689.583333333336
2018-03-17,,57812.75
2018-03-18,,54450.75
2018-03-19,,64187.458333333336
2018-03-20,,66038.125
2018-03-21,,65219.0
2018-03-22,,65587.29166666667
2018-03-23,,63317.125
2018-03-24,,53103.0
2018-03-25,,48129.30434782609
2018-03-26,,60825.75
2018-03-27,,61164.208333333336
2018-03-28,,62787.0
2018-03-29,,61425.708333333336
2018-03-30,,48674.708333333336
2018-03-31,,48542.041666666664
2018-04-01,,44834.625
2018-04-02,,44879.25
2018-04-03,,58450.416666666664
2018-04-04,,60123.625
2018-04-05,,61911.041666666664
2018-04-06,,59713.25
2018-04-07,,51158.333333333336
2018-04-08,,45490.25
2018-04-09,,57096.0
2018-04-10,,59872.833333333336
2018-04-11,,60987.875
2018-04-12,,60402.166666666664
2018-04-13,,59869.041666666664
2018-04-14,,50199.0
2018-04-15,,44315.375
2018-04-16,,56767.166666666664
2018-04-17,,57747.333333333336
2018-04-18,,57703.458333333336
2018-04-19,,58051.166666666664
2018-04-20,,57493.583333333336
2018-04-21,,49087.375
2018-04-22,,44067.666666666664
2018-04-23,,57405.416666666664
2018-04-24,,58678.333333333336
2018-04-25,,59846.541666666664
2018-04-26,,59828.875
2018-04-27,,57877.708333333336
2018-04-28,,49512.583333333336
2018-04-29,,44393.041666666664
2018-04-30,,53199.791666666664
2018-05-01,,46401.375
2018-05-02,,57669.041666666664
2018-05-03,,59278.583333333336
2018-05-04,,58466.208333333336
2018-05-05,,49542.166666666664
2018-05-06,,44910.25
2018-05-07,,58033.333333333336
2018-05-08,,59574.958333333336
2018-05-09,,59099.708333333336
2018-05-10,,47644.125
2018-05-11,,52282.041666666664
2018-05-12,,48437.25
2018-05-13,,44922.166666666664
2018-05-14,,58524.791666666664
2018-05-15,,59429.875
2018-05-16,,59554.125
2018-05-17,,60065.416666666664
2018-05-18,,58698.0
2018-05-19,,49069.25
2018-05-20,,42630.708333333336
2018-05-21,,44029.416666666664
2018-05-22,,57519.291666666664
2018-05-23,,59655.583333333336
2018-05-24,,59962.958333333336
2018-05-25,,58603.458333333336
2018-05-26,,50043.458333333336
2018-05-27,,45269.75
2018-05-28,,58853.416666666664
2018-05-29,,60599.5
2018-05-30,,59330.416666666664
2018-05-31,,51357.625
2018-06-01,,54687.208333333336
2018-06-02,,48610.0
2018-06-03,,44541.541666666664
2018-06-04,,57769.333333333336
2018-06-05,,59774.875
2018-06-06,,60230.125
2018-06-07,,60538.875
2018-06-08,,59585.333333333336
2018-06-09,,50923.708333333336
2018-06-10,,46164.041666666664
2018-06-11,,59366.583333333336
2018-06-12,,59850.333333333336
2018-06-13,,59447.125
2018-06-14,,59477.583333333336
2018-06-15,,58801.75
2018-06-16,,49462.083333333336
2018-06-17,,45119.25
2018-06-18,,58838.416666666664
2018-06-19,,60671.958333333336
2018-06-20,,60897.416666666664
2018-06-21,,61025.583333333336
2018-06-22,,58857.833333333336
2018-06-23,,49216.75
2018-06-24,,44569.916666666664
2018-06-25,,58008.125
2018-06-26,,59226.291666666664
2018-06-27,,59282.666666666664
2018-06-28,,59924.291666666664
2018-06-29,,58758.583333333336
2018-06-30,,49505.791666666664
2018-07-01,,45039.458333333336
2018-07-02,,57939.458333333336
2018-07-03,,59960.375
2018-07-04,,60358.375
2018-07-05,,60569.083333333336
2018-07-06,,59308.291666666664
2018-07-07,,49236.041666666664
2018-07-08,,44397.791666666664
2018-07-09,,57264.083333333336
2018-07-10,,57825.125
2018-07-11,,57361.041666666664
2018-07-12,,57232.125
2018-07-13,,56755.875
2018-07-14,,47634.0
2018-07-15,,43214.083333333336
2018-07-16,,55424.25
2018-07-17,,57140.125
2018-07-18,,57368.958333333336
2018-07-19,,56959.416666666664
2018-07-20,,55936.791666666664
2018-07-21,,47448.541666666664
2018-07-22,,43872.958333333336
2018-07-23,,56525.458333333336
2018-07-24,,58121.333333333336
2018-07-25,,59073.166666666664
2018-07-26,,59112.5
2018-07-27,,58384.416666666664
2018-07-28,,49942.458333333336
2018-07-29,,44459.208333333336
2018-07-30,,56806.5
2018-07-31,,58551.666666666664
2018-08-01,,58209.541666666664
2018-08-02,,58459.875
2018-08-03,,57680.166666666664
2018-08-04,,50122.333333333336
2018-08-05,,44996.958333333336
2018-08-06,,56595.291666666664
2018-08-07,,58394.041666666664
2018-08-08,,59336.416666666664
2018-08-09,,58541.916666666664
2018-08-10,,56914.458333333336
2018-08-11,,47600.833333333336
2018-08-12,,42798.916666666664
2018-08-13,,55401.166666666664
2018-08-14,,56383.25
2018-08-15,,54713.833333333336
2018-08-16,,56519.25
2018-08-17,,56017.333333333336
2018-08-18,,49173.416666666664
2018-08-19,,44795.625
2018-08-20,,56792.833333333336
2018-08-21,,57424.458333333336
2018-08-22,,58595.291666666664
2018-08-23,,59394.291666666664
2018-08-24,,58077.625
2018-08-25,,48491.666666666664
2018-08-26,,43850.625
2018-08-27,,57981.625
2018-08-28,,57872.625
2018-08-29,,58464.916666666664
2018-08-30,,58779.166666666664
2018-08-31,,56347.291666666664
2018-09-01,,48055.791666666664
2018-09-02,,44608.333333333336
2018-09-03,,57187.208333333336
2018-09-04,,58424.041666666664
2018-09-05,,58206.833333333336
2018-09-06,,58731.083333333336
2018-09-07,,57878.5
2018-09-08,,49330.125
2018-09-09,,44497.625
2018-09-10,,57451.083333333336
2018-09-11,,59697.708333333336
2018-09-12,,59325.625
2018-09-13,,58604.958333333336
2018-09-14,,57489.5
2018-09-15,,48983.25
2018-09-16,,44377.291666666664
2018-09-17,,56929.458333333336
2018-09-18,,60524.041666666664
2018-09-19,,60384.875
2018-09-20,,60307.75
2018-09-21,,60896.416666666664
2018-09-22,,50858.0
2018-09-23,,46179.875
2018-09-24,,59027.791666666664
2018-09-25,,58629.625
2018-09-26,,60400.333333333336
2018-09-27,,59474.75
2018-09-28,,59407.5
2018-09-29,,50129.333333333336
2018-09-30,,45832.583333333336
2018-10-01,61.31913043478261,58644.333333333336
2018-10-02,42.33875,60482.416666666664
2018-10-03,18.29375,50318.333333333336
2018-10-04,65.15208333333334,57603.041666666664
2018-10-05,60.29583333333333,57561.041666666664
2018-10-06,57.91416666666667,49731.916666666664
2018-10-07,54.91833333333333,45646.416666666664
2018-10-08,63.88375,58227.708333333336
2018-10-09,71.565,59335.75
2018-10-10,62.17208333333334,59034.833333333336
2018-10-11,54.35166666666667,60207.375
2018-10-12,56.77041666666667,58777.5
2018-10-13,44.88166666666667,49672.166666666664
2018-10-14,28.085833333333337,45739.583333333336
2018-10-15,59.44916666666666,57223.958333333336
2018-10-16,71.99791666666667,58546.916666666664
2018-10-17,70.91041666666666,58610.5
2018-10-18,63.16416666666667,59527.375
2018-10-19,67.61291666666666,58035.75
2018-10-20,59.37875,50846.375
2018-10-21,55.507083333333334,47370.875
2018-10-22,56.129999999999995,60573.458333333336
2018-10-23,34.6225,63854.166666666664
2018-10-24,44.57208333333333,62842.125
2018-10-25,48.74,62289.833333333336
2018-10-26,58.526250000000005,60471.791666666664
2018-10-27,48.12416666666667,52317.041666666664
2018-10-28,43.4608,48236.64
2018-10-29,43.97416666666666,62125.666666666664
2018-10-30,33.672916666666666,62816.583333333336
2018-10-31,45.13916666666666,58623.916666666664
2018-11-01,47.913333333333334,53283.583333333336
2018-11-02,54.768750000000004,56556.041666666664
2018-11-03,52.04291666666666,51013.5
2018-11-04,47.4675,47086.083333333336
2018-11-05,57.19416666666667,59604.25
2018-11-06,58.54958333333334,61180.291666666664
2018-11-07,56.00791666666667,62002.458333333336
2018-11-08,62.870416666666664,61536.5
2018-11-09,59.51458333333333,61003.708333333336
2018-11-10,43.065416666666664,53393.083333333336
2018-11-11,39.72833333333333,48367.458333333336
2018-11-12,54.904583333333335,60347.708333333336
2018-11-13,53.10791666666666,62653.083333333336
2018-11-14,61.867916666666666,62697.875
2018-11-15,63.479166666666664,63099.0
2018-11-16,57.76916666666667,63097.458333333336
2018-11-17,48.20708333333334,55921.041666666664
2018-11-18,47.604166666666664,49977.541666666664
2018-11-19,48.215,64230.875
2018-11-20,46.65375,66164.5
2018-11-21,55.35874999999999,65454.375
2018-11-22,77.80333333333333,65474.5
2018-11-23,80.33125,63489.291666666664
2018-11-24,61.94583333333333,54967.916666666664
2018-11-25,53.84583333333333,51027.125
2018-11-26,73.66875,63366.125
2018-11-27,75.50541666666666,64802.916666666664
2018-11-28,52.98875,67579.5
2018-11-29,50.39875,67329.16666666667
2018-11-30,57.50208333333333,65541.79166666667
2018-12-01,46.862500000000004,56154.458333333336
2018-12-02,30.199166666666667,51919.458333333336
2018-12-03,44.61666666666667,64058.75
2018-12-04,50.64875,65047.083333333336
2018-12-05,59.21083333333333,65794.625
2018-12-06,54.747083333333336,65945.20833333333
2018-12-07,42.57791666666667,65009.958333333336
2018-12-08,11.865416666666667,57454.958333333336
2018-12-09,8.917083333333332,52855.291666666664
2018-12-10,36.16125,66360.75
2018-12-11,55.370000000000005,66527.125
2018-12-12,69.91416666666667,65613.29166666667
2018-12-13,66.24291666666666,66351.58333333333
2018-12-14,71.15916666666666,65722.75
2018-12-15,54.406666666666666,57894.25
2018-12-16,49.70916666666667,54182.333333333336
2018-12-17,69.39083333333333,63667.0
2018-12-18,59.445,64816.583333333336
2018-12-19,56.44166666666666,65473.25
2018-12-20,56.68875,63024.916666666664
2018-12-21,49.62416666666667,59885.333333333336
2018-12-22,36.62083333333333,51783.25
2018-12-23,42.6675,47621.625
2018-12-24,46.83083333333334,47052.625
2018-12-25,19.0075,45706.25
2018-12-26,47.4025,46912.541666666664
2018-12-27,60.01499999999999,52695.916666666664
2018-12-28,59.79666666666666,52636.083333333336
2018-12-29,47.336666666666666,51217.166666666664
2018-12-30,33.53333333333333,47227.125
2018-12-31,54.685833333333335,47834.25
2019-01-01,-4.297083333333333,45644.833333333336
2019-01-02,25.9175,57581.708333333336
2019-01-03,57.71625,60356.125
2019-01-04,49.91,61110.666666666664
2019-01-05,42.18083333333333,54468.916666666664
2019-01-06,54.54541666666666,49504.625
2019-01-07,51.8125,62414.25
2019-01-08,34.49666666666666,66317.54166666667
2019-01-09,40.00125,66886.875
2019-01-10,67.67208333333333,64684.166666666664
2019-01-11,49.91833333333333,66200.125
2019-01-12,40.80166666666667,56655.166666666664
2019-01-13,15.100833333333334,53231.083333333336
2019-01-14,32.61083333333333,65713.16666666667
2019-01-15,45.447916666666664,66565.58333333333
2019-01-16,45.19875,66128.79166666667
2019-01-17,42.836666666666666,66574.58333333333
2019-01-18,61.732499999999995,64273.583333333336
2019-01-19,55.38833333333333,55657.041666666664
2019-01-20,53.89166666666667,52030.125
2019-01-21,69.90041666666667,65022.291666666664
2019-01-22,62.99875,67831.45833333333
2019-01-23,75.08333333333333,68192.91666666667
2019-01-24,85.79583333333333,67312.29166666667
2019-01-25,66.50208333333333,66537.125
2019-01-26,49.08625,58120.833333333336
2019-01-27,35.43958333333333,52187.583333333336
2019-01-28,50.40166666666667,64965.833333333336
2019-01-29,60.18833333333333,65556.54166666667
2019-01-30,53.072916666666664,65903.20833333333
2019-01-31,59.8425,65319.958333333336
2019-02-01,55.475833333333334,65500.125
2019-02-02,50.19291666666667,55333.666666666664
2019-02-03,46.72333333333333,52009.875
2019-02-04,44.05125,64526.708333333336
2019-02-05,53.78875,66335.70833333333
2019-02-06,51.317499999999995,65603.83333333333
2019-02-07,44.548750000000005,66601.41666666667
2019-02-08,41.615833333333335,65092.5
2019-02-09,6.807916666666667,56858.166666666664
2019-02-10,28.025833333333335,51502.125
2019-02-11,31.97,65508.041666666664
2019-02-12,46.73541666666667,65327.375
2019-02-13,45.38333333333333,65564.04166666667
2019-02-14,49.09041666666667,63967.708333333336
2019-02-15,47.61833333333333,62970.041666666664
2019-02-16,39.21958333333333,53574.041666666664
2019-02-17,39.05125,48802.75
2019-02-18,46.397083333333335,61487.25
2019-02-19,41.31333333333333,64211.458333333336
2019-02-20,45.6025,63341.125
2019-02-21,43.232499999999995,62980.125
2019-02-22,47.20250000000001,62155.625
2019-02-23,40.13916666666667,53476.916666666664
2019-02-24,39.99166666666667,48636.208333333336
2019-02-25,44.41375,60291.416666666664
2019-02-26,44.60208333333333,61674.25
2019-02-27,44.21083333333333,62010.75
2019-02-28,40.260416666666664,61780.083333333336
2019-03-01,45.85041666666667,61411.458333333336
2019-03-02,41.24916666666667,52996.666666666664
2019-03-03,10.223333333333334,49227.916666666664
2019-03-04,13.308750000000002,61059.916666666664
2019-03-05,31.338333333333335,62546.291666666664
2019-03-06,34.76916666666667,62203.75
2019-03-07,29.022499999999997,62837.833333333336
2019-03-08,26.3875,61860.208333333336
2019-03-09,7.978333333333333,53660.0
2019-03-10,17.50875,48695.833333333336
2019-03-11,38.66916666666666,62286.541666666664
2019-03-12,36.58708333333333,62613.833333333336
2019-03-13,18.047083333333333,64393.958333333336
2019-03-14,32.544583333333335,64667.375
2019-03-15,25.207083333333333,63476.125
2019-03-16,17.219166666666666,53301.083333333336
2019-03-17,0.4258333333333333,49814.583333333336
2019-03-18,31.924166666666668,62143.625
2019-03-19,45.33583333333333,62384.958333333336
2019-03-20,41.498333333333335,61795.875
2019-03-21,39.791666666666664,60908.791666666664
2019-03-22,40.57083333333333,59263.541666666664
2019-03-23,35.60875,50762.083333333336
2019-03-24,33.46375,46428.416666666664
2019-03-25,32.285833333333336,60373.041666666664
2019-03-26,36.498333333333335,61607.5
2019-03-27,40.1925,61035.75
2019-03-28,42.32375,60188.041666666664
2019-03-29,39.8525,58246.416666666664
2019-03-30,35.0425,49539.625
2019-03-31,28.38047619047619,46605.739130434784
2019-04-01,38.00791666666667,58013.208333333336
2019-04-02,33.85125,60729.791666666664
2019-04-03,42.23791666666667,60225.5
2019-04-04,42.01625,60706.833333333336
2019-04-05,42.282916666666665,60025.083333333336
2019-04-06,38.33166666666667,49960.25
2019-04-07,37.98083333333333,45451.75
2019-04-08,44.40166666666667,57850.083333333336
2019-04-09,41.992916666666666,60199.458333333336
2019-04-10,42.81708333333333,60334.333333333336
2019-04-11,44.74125,60033.291666666664
2019-04-12,44.90166666666667,59618.291666666664
2019-04-13,41.416666666666664,51679.0
2019-04-14,37.25,47493.541666666664
2019-04-15,41.82875,57906.291666666664
2019-04-16,41.615833333333335,60052.666666666664
2019-04-17,40.80833333333333,59423.833333333336
2019-04-18,40.84166666666667,57350.458333333336
2019-04-19,33.839999999999996,44584.833333333336
2019-04-20,34.516666666666666,43673.083333333336
2019-04-21,31.5975,39376.583333333336
2019-04-22,-14.008750000000001,41838.916666666664
2019-04-23,14.751249999999999,56348.958333333336
2019-04-24,34.70125,57799.916666666664
2019-04-25,39.31125,58040.0
2019-04-26,43.54125,57781.833333333336
2019-04-27,31.9875,48730.916666666664
2019-04-28,35.0925,45153.041666666664
2019-04-29,43.153333333333336,58117.583333333336
2019-04-30,42.86875,57303.416666666664
2019-05-01,25.47083333333333,45038.541666666664
2019-05-02,37.94166666666667,57001.791666666664
2019-05-03,40.69541666666667,57948.166666666664
2019-05-04,39.51333333333333,50124.208333333336
2019-05-05,30.4875,46251.333333333336
2019-05-06,44.287083333333335,59311.125
2019-05-07,50.46875,59698.041666666664
2019-05-08,39.473333333333336,60181.791666666664
2019-05-09,45.25333333333333,59582.791666666664
2019-05-10,44.793749999999996,58511.333333333336
2019-05-11,37.6075,49619.458333333336
2019-05-12,19.424583333333334,45373.208333333336
2019-05-13,39.23458333333333,57057.5
2019-05-14,41.005833333333335,58850.666666666664
2019-05-15,40.850833333333334,59552.916666666664
2019-05-16,39.7275,60429.083333333336
2019-05-17,42.95250000000001,58824.375
2019-05-18,37.18958333333333,48297.541666666664
2019-05-19,35.36208333333334,44107.916666666664
2019-05-20,46.29083333333333,57419.041666666664
2019-05-21,43.2875,59872.291666666664
2019-05-22,40.085,59305.208333333336
2019-05-23,40.67166666666667,58388.083333333336
2019-05-24,40.461666666666666,57567.916666666664
2019-05-25,36.67541666666667,47777.916666666664
2019-05-26,21.59875,44168.875
2019-05-27,35.35125,56989.875
2019-05-28,43.3325,58038.5
2019-05-29,41.75625,56781.625
2019-05-30,16.094583333333333,46122.541666666664
2019-05-31,35.805,50247.958333333336
2019-06-01,29.96291666666667,47048.166666666664
2019-06-02,21.867499999999996,43903.916666666664
2019-06-03,36.90291666666666,57661.125
2019-06-04,38.99208333333333,58886.041666666664
2019-06-05,37.92958333333333,59892.166666666664
2019-06-06,36.48,59155.625
2019-06-07,37.610416666666666,56301.75
2019-06-08,-42.239583333333336,48348.916666666664
2019-06-09,22.499583333333334,41887.916666666664
2019-06-10,31.36791666666667,43215.416666666664
2019-06-11,44.66791666666666,55897.083333333336
2019-06-12,44.00208333333333,59018.75
2019-06-13,38.51166666666666,57356.958333333336
2019-06-14,41.6175,57187.041666666664
2019-06-15,30.575833333333335,48930.0
2019-06-16,31.149583333333336,44061.458333333336
2019-06-17,41.65875,56879.875
2019-06-18,42.28,59326.75
2019-06-19,41.19875,58981.875
2019-06-20,36.39041666666667,49674.125
2019-06-21,38.687083333333334,52449.25
2019-06-22,31.63083333333333,47086.583333333336
2019-06-23,20.919999999999998,43390.791666666664
2019-06-24,34.473333333333336,57791.083333333336
2019-06-25,40.5175,60489.041666666664
2019-06-26,38.56458333333334,61217.833333333336
2019-06-27,35.47375,60129.0
2019-06-28,43.45166666666666,57358.375
2019-06-29,33.250416666666666,48866.291666666664
2019-06-30,15.1325,45625.958333333336
2019-07-01,32.9625,59344.833333333336
2019-07-02,33.35166666666667,58960.5
2019-07-03,34.6625,58474.5
2019-07-04,33.9825,58737.916666666664
2019-07-05,35.26125,57887.166666666664
2019-07-06,29.760416666666668,49005.75
2019-07-07,24.66333333333333,44057.708333333336
2019-07-08,35.692083333333336,56563.666666666664
2019-07-09,37.387499999999996,57692.833333333336
2019-07-10,41.46958333333333,57223.375
2019-07-11,45.91291666666667,57513.083333333336
2019-07-12,45.244166666666665,57165.458333333336
2019-07-13,37.24375,48134.25
2019-07-14,35.614583333333336,43181.708333333336
2019-07-15,41.55583333333333,55582.583333333336
2019-07-16,42.89125000000001,57231.375
2019-07-17,45.88375,56789.125
2019-07-18,43.93375,57423.666666666664
2019-07-19,44.80791666666667,56322.666666666664
2019-07-20,35.085,47781.166666666664
2019-07-21,31.5275,43412.708333333336
2019-07-22,42.62291666666667,55494.541666666664
2019-07-23,46.60125,57185.458333333336
2019-07-24,50.64083333333334,58043.041666666664
2019-07-25,50.22833333333333,58751.083333333336
2019-07-26,44.5025,58057.0
2019-07-27,36.16416666666667,48038.666666666664
2019-07-28,32.08583333333333,43890.5
2019-07-29,45.5025,55334.208333333336
2019-07-30,44.52875,57408.875
2019-07-31,48.465,56881.333333333336
2019-08-01,44.66208333333333,55421.291666666664
2019-08-02,43.69958333333333,54653.208333333336
2019-08-03,36.365833333333335,45619.125
2019-08-04,35.151666666666664,41619.125
2019-08-05,46.28458333333333,52842.791666666664
2019-08-06,42.062083333333334,54835.708333333336
2019-08-07,40.86833333333333,55139.25
2019-08-08,34.71791666666667,55283.416666666664
2019-08-09,38.687916666666666,54979.25
2019-08-10,12.438749999999999,47559.375
2019-08-11,14.351666666666667,43387.916666666664
2019-08-12,41.240833333333335,53817.166666666664
2019-08-13,38.035000000000004,54756.875
2019-08-14,38.76833333333334,53983.25
2019-08-15,30.503333333333334,54217.25
2019-08-16,35.68958333333333,52664.041666666664
2019-08-17,26.221249999999998,46143.416666666664
2019-08-18,27.685000000000002,42531.958333333336
2019-08-19,34.43125,54504.75
2019-08-20,39.80125,55246.166666666664
2019-08-21,41.683749999999996,54624.25
2019-08-22,36.30958333333333,54811.333333333336
2019-08-23,37.32375,54287.583333333336
2019-08-24,32.290416666666665,46350.958333333336
2019-08-25,30.635833333333334,42903.708333333336
2019-08-26,45.65625,56358.375
2019-08-27,46.41625,58578.708333333336
2019-08-28,50.824999999999996,58590.291666666664
2019-08-29,44.49208333333333,57954.791666666664
2019-08-30,41.34458333333333,56458.916666666664
2019-08-31,33.65958333333334,47569.666666666664
2019-09-01,30.10625,43310.791666666664
2019-09-02,39.175000000000004,53922.916666666664
2019-09-03,35.40416666666667,55613.916666666664
2019-09-04,34.005,55922.458333333336
2019-09-05,31.71666666666667,56938.333333333336
2019-09-06,32.447916666666664,55220.416666666664
2019-09-07,35.93875,46411.666666666664
2019-09-08,36.87291666666667,43051.333333333336
2019-09-09,45.507083333333334,55004.125
2019-09-10,36.82,56168.0
2019-09-11,33.9275,56882.041666666664
2019-09-12,37.779583333333335,57772.916666666664
2019-09-13,39.0175,57235.875
2019-09-14,36.19875,46965.625
2019-09-15,23.756249999999998,43399.125
2019-09-16,47.150416666666665,55411.375
2019-09-17,33.86833333333333,57238.791666666664
2019-09-18,36.479166666666664,56377.291666666664
2019-09-19,43.78,56544.208333333336
2019-09-20,42.69625,55621.666666666664
2019-09-21,34.65083333333333,47608.625
2019-09-22,29.640833333333333,43690.208333333336
2019-09-23,44.127916666666664,56962.291666666664
2019-09-24,47.445,58256.958333333336
2019-09-25,46.74458333333333,58256.875
2019-09-26,41.566250000000004,58665.083333333336
2019-09-27,38.4375,57891.0
2019-09-28,24.10291666666667,48545.375
2019-09-29,11.056666666666667,44993.833333333336
2019-09-30,22.101250000000004,57747.333333333336
2019-10-01,42.550000000000004,59512.916666666664
2019-10-02,40.85958333333333,58046.625
2019-10-03,40.067083333333336,46515.416666666664
2019-10-04,43.684583333333336,51449.25
2019-10-05,36.89458333333334,47144.291666666664
2019-10-06,31.995,45950.583333333336
2019-10-07,44.625,57408.166666666664
2019-10-08,34.86291666666666,59519.333333333336
2019-10-09,35.195,59391.625
2019-10-10,30.462083333333336,59717.083333333336
2019-10-11,25.973333333333333,59323.333333333336
2019-10-12,19.730416666666667,49593.166666666664
2019-10-13,22.14375,45730.208333333336
2019-10-14,35.5625,57296.5
2019-10-15,43.63041666666667,60028.25
2019-10-16,39.4625,60778.875
2019-10-17,43.76541666666666,60145.541666666664
2019-10-18,35.35458333333333,59462.625
2019-10-19,33.08541666666667,49906.083333333336
2019-10-20,34.82958333333333,45345.25
2019-10-21,43.7225,58219.625
2019-10-22,46.82833333333334,59936.583333333336
2019-10-23,43.51499999999999,60733.916666666664
2019-10-24,38.61208333333334,60477.75
2019-10-25,36.11125,58973.333333333336
2019-10-26,20.205416666666668,50748.5
2019-10-27,20.761999999999997,45983.56
2019-10-28,42.444583333333334,59376.75
2019-10-29,48.11416666666667,60937.0
2019-10-30,48.022083333333335,60885.333333333336
2019-10-31,42.63458333333333,57108.916666666664
2019-11-01,32.26583333333333,51595.958333333336
2019-11-02,27.475416666666664,49519.291666666664
2019-11-03,26.688333333333333,45855.708333333336
2019-11-04,38.70166666666667,58652.75
2019-11-05,42.70208333333333,60760.875
2019-11-06,51.79083333333333,61876.416666666664
2019-11-07,42.71666666666667,62526.541666666664
2019-11-08,47.1225,61457.458333333336
2019-11-09,41.6925,52416.833333333336
2019-11-10,40.972500000000004,49245.25
2019-11-11,41.106249999999996,62277.666666666664
2019-11-12,42.20041666666666,63254.583333333336
2019-11-13,47.07958333333334,62740.625
2019-11-14,45.32333333333333,62400.791666666664
2019-11-15,37.9,61408.208333333336
2019-11-16,38.098333333333336,52639.833333333336
2019-11-17,36.818333333333335,49130.333333333336
2019-11-18,41.361666666666665,61377.208333333336
2019-11-19,46.48791666666667,63864.0
2019-11-20,53.25333333333333,63235.041666666664
2019-11-21,50.08625,63595.583333333336
2019-11-22,43.580000000000005,62941.208333333336
2019-11-23,30.57875,53671.791666666664
2019-11-24,33.47,49426.583333333336
2019-11-25,51.11958333333333,61768.125
2019-11-26,47.364583333333336,63462.875
2019-11-27,39.499583333333334,64559.791666666664
2019-11-28,30.486666666666665,63975.75
2019-11-29,40.08125,62089.75
2019-11-30,42.01208333333333,52312.375
2019-12-01,42.447916666666664,50708.333333333336
2019-12-02,46.18083333333333,60536.041666666664
2019-12-03,51.35583333333333,64340.25
2019-12-04,47.943333333333335,64514.458333333336
2019-12-05,41.816250000000004,66134.41666666667
2019-12-06,31.09958333333333,65464.666666666664
2019-12-07,24.912499999999998,54932.583333333336
2019-12-08,-16.383333333333333,51416.666666666664
2019-12-09,23.365416666666665,63226.666666666664
2019-12-10,40.17375,64718.375
2019-12-11,38.11958333333333,65977.45833333333
2019-12-12,44.6175,65702.375
2019-12-13,36.5325,63762.333333333336
2019-12-14,23.229166666666668,54789.5
2019-12-15,12.68125,50598.583333333336
2019-12-16,40.83833333333333,61193.708333333336
2019-12-17,36.71583333333333,61568.833333333336
2019-12-18,40.204166666666666,60781.166666666664
2019-12-19,34.64541666666667,60047.625
2019-12-20,29.40625,56562.208333333336
2019-12-21,28.1075,50260.875
2019-12-22,26.475416666666664,47572.875
2019-12-23,24.49625,50703.416666666664
2019-12-24,20.515416666666667,46365.916666666664
2019-12-25,27.24875,43508.333333333336
2019-12-26,33.627500000000005,43392.041666666664
2019-12-27,37.81666666666667,48734.375
2019-12-28,34.2925,47569.083333333336
2019-12-29,30.16625,45257.625
2019-12-30,25.567083333333333,49960.541666666664
2019-12-31,32.735,46942.333333333336
2020-01-01,34.964166666666664,43988.375
2020-01-02,38.869166666666665,53865.208333333336
2020-01-03,26.11125,55654.625
2020-01-04,20.322916666666668,52640.166666666664
2020-01-05,35.5525,47989.041666666664
2020-01-06,38.134166666666665,56630.875
2020-01-07,40.52375,62598.0
2020-01-08,33.581250000000004,63837.25
2020-01-09,36.248333333333335,63063.416666666664
2020-01-10,34.79958333333333,61985.083333333336
2020-01-11,31.855833333333333,53821.166666666664
2020-01-12,22.6375,51498.625
2020-01-13,37.68,62783.666666666664
2020-01-14,23.355416666666667,65458.666666666664
2020-01-15,24.959999999999997,64174.375
2020-01-16,38.17,62695.666666666664
2020-01-17,36.895,62958.541666666664
2020-01-18,31.847916666666666,54261.833333333336
2020-01-19,33.8925,50225.166666666664
2020-01-20,44.53375,62278.583333333336
2020-01-21,41.597500000000004,64802.0
2020-01-22,45.90208333333334,64904.916666666664
2020-01-23,51.5375,64534.541666666664
2020-01-24,50.244166666666665,63734.416666666664
2020-01-25,40.35,55380.5
2020-01-26,33.889583333333334,50548.041666666664
2020-01-27,37.48833333333334,63497.041666666664
2020-01-28,31.61,65413.875
2020-01-29,33.22416666666667,65819.58333333333
2020-01-30,32.82041666666667,65488.5
2020-01-31,22.483333333333334,63083.916666666664
2020-02-01,6.835,53088.75
2020-02-02,16.987916666666667,49549.541666666664
2020-02-03,27.657916666666665,62857.541666666664
2020-02-04,27.875416666666666,64980.625
2020-02-05,36.19916666666666,63839.625
2020-02-06,36.919583333333335,63983.25
2020-02-07,36.68666666666667,63084.666666666664
2020-02-08,28.050416666666667,53673.75
2020-02-09,1.5662500000000001,49428.916666666664
2020-02-10,7.881666666666667,62532.375
2020-02-11,11.62,65538.625
2020-02-12,19.46125,65720.70833333333
2020-02-13,37.58875,65830.04166666667
2020-02-14,36.03458333333334,63523.375
2020-02-15,20.436249999999998,53307.791666666664
2020-02-16,-8.274166666666668,49462.291666666664
2020-02-17,18.246666666666666,61891.666666666664
2020-02-18,21.86708333333333,64214.708333333336
2020-02-19,30.910833333333333,63474.291666666664
2020-02-20,28.677083333333332,63070.0
2020-02-21,24.327916666666667,62440.0
2020-02-22,-1.50875,53779.375
2020-02-23,6.952500000000001,49629.541666666664
2020-02-24,28.485833333333332,59950.416666666664
2020-02-25,24.10166666666667,61519.458333333336
2020-02-26,31.67125,63108.083333333336
2020-02-27,38.442083333333336,64346.708333333336
2020-02-28,31.040000000000003,62435.375
2020-02-29,8.910416666666666,52747.583333333336
2020-03-01,7.140416666666667,48186.541666666664
2020-03-02,33.17916666666667,61183.916666666664
2020-03-03,36.24916666666667,61955.708333333336
2020-03-04,39.61083333333333,61838.416666666664
2020-03-05,36.071666666666665,62593.958333333336
2020-03-06,30.477500000000003,62036.291666666664
2020-03-07,29.08875,52639.0
2020-03-08,17.106666666666666,48658.958333333336
2020-03-09,37.11333333333334,60206.875
2020-03-10,23.249583333333334,64326.958333333336
2020-03-11,22.6875,61978.916666666664
2020-03-12,12.23625,62385.458333333336
2020-03-13,16.537499999999998,61540.708333333336
2020-03-14,30.267083333333332,51642.791666666664
2020-03-15,4.648333333333333,47655.583333333336
2020-03-16,31.190833333333334,57866.875
2020-03-17,28.182916666666667,59165.166666666664
2020-03-18,26.41875,58692.375
2020-03-19,28.690833333333334,57422.958333333336
2020-03-20,25.135416666666668,56563.166666666664
2020-03-21,10.736666666666666,50697.583333333336
2020-03-22,-0.9470833333333335,47166.083333333336
2020-03-23,16.982916666666664,56016.333333333336
2020-03-24,20.451666666666664,56656.416666666664
2020-03-25,23.06125,56427.875
2020-03-26,22.229166666666668,55956.125
2020-03-27,21.548333333333332,54248.5
2020-03-28,14.241666666666667,47660.875
2020-03-29,4.392857142857143,47499.52173913043
2020-03-30,23.320000000000004,55700.125
2020-03-31,25.17,55837.75
2020-04-01,23.360833333333332,56305.458333333336
2020-04-02,19.951666666666664,56120.666666666664
2020-04-03,22.532916666666665,55250.958333333336
2020-04-04,20.145416666666666,47007.458333333336
2020-04-05,2.6816666666666666,43986.625
2020-04-06,17.335416666666667,51952.166666666664
2020-04-07,23.539583333333336,52675.375
2020-04-08,26.512083333333333,51844.041666666664
2020-04-09,23.510416666666668,50519.375
2020-04-10,23.13875,42030.041666666664
2020-04-11,20.855833333333333,42536.958333333336
2020-04-12,12.450000000000001,39436.708333333336
2020-04-13,-15.96625,41196.583333333336
2020-04-14,19.900000000000002,49796.583333333336
2020-04-15,20.170833333333334,51440.166666666664
2020-04-16,25.316666666666666,51650.166666666664
2020-04-17,27.77,51238.333333333336
2020-04-18,20.234583333333333,44379.083333333336
2020-04-19,7.410416666666666,41882.291666666664
2020-04-20,2.4416666666666664,51940.541666666664
2020-04-21,-16.149583333333336,53830.0
2020-04-22,7.87625,53230.416666666664
2020-04-23,27.756249999999998,53293.083333333336
2020-04-24,20.65041666666667,51379.5
2020-04-25,16.862083333333334,45187.791666666664
2020-04-26,18.889166666666664,42417.041666666664
2020-04-27,25.499583333333334,51610.5
2020-04-28,25.060000000000002,53157.291666666664
2020-04-29,23.052916666666665,53634.416666666664
2020-04-30,20.004166666666666,52300.666666666664
2020-05-01,6.53125,41979.041666666664
2020-05-02,12.47375,43452.0
2020-05-03,14.055416666666666,41030.166666666664
2020-05-04,26.37708333333333,52165.083333333336
2020-05-05,21.71875,53925.0
2020-05-06,21.486666666666665,52774.875
2020-05-07,23.830416666666665,52452.5
2020-05-08,23.782916666666665,50286.833333333336
2020-05-09,21.98375,44369.916666666664
2020-05-10,12.579583333333334,41037.833333333336
2020-05-11,14.069166666666668,54431.708333333336
2020-05-12,22.273750000000003,54044.583333333336
2020-05-13,29.758333333333336,54399.416666666664
2020-05-14,22.78625,53562.208333333336
2020-05-15,21.08375,52664.708333333336
2020-05-16,16.955833333333334,45446.375
2020-05-17,9.462916666666667,41974.041666666664
2020-05-18,19.7425,52107.666666666664
2020-05-19,23.687083333333334,53222.541666666664
2020-05-20,32.05166666666667,51748.625
2020-05-21,19.579583333333332,41875.75
2020-05-22,18.8325,46366.458333333336
2020-05-23,10.264999999999999,44545.541666666664
2020-05-24,-26.13083333333333,42280.916666666664
2020-05-25,18.630416666666665,52977.5
2020-05-26,27.425,53096.916666666664
2020-05-27,22.89708333333333,53029.875
2020-05-28,20.41208333333333,53283.083333333336
2020-05-29,22.692083333333333,51252.5
2020-05-30,12.536666666666667,43761.958333333336
2020-05-31,1.6612500000000006,39603.333333333336
2020-06-01,6.070416666666667,40002.375
2020-06-02,28.341250000000002,51806.375
2020-06-03,28.839583333333334,53626.833333333336
2020-06-04,26.5525,54392.958333333336
2020-06-05,24.3,53426.958333333336
2020-06-06,6.685,45937.708333333336
2020-06-07,17.643333333333334,41889.833333333336
2020-06-08,31.36916666666667,51724.166666666664
2020-06-09,36.67666666666667,53430.666666666664
2020-06-10,31.364583333333332,52858.958333333336
2020-06-11,24.063333333333333,45638.833333333336
2020-06-12,20.722083333333334,47905.5
2020-06-13,19.844166666666666,44139.666666666664
2020-06-14,18.506666666666668,41892.0
2020-06-15,31.05333333333333,51745.708333333336
2020-06-16,34.12,53375.916666666664
2020-06-17,37.235,53642.583333333336
2020-06-18,31.80333333333333,53581.166666666664
2020-06-19,29.853333333333335,51842.541666666664
2020-06-20,24.08458333333333,43964.0
2020-06-21,19.499583333333334,40567.625
2020-06-22,29.58,52165.458333333336
2020-06-23,32.74166666666667,53467.041666666664
2020-06-24,35.57041666666667,53862.291666666664
2020-06-25,34.45041666666666,54027.416666666664
2020-06-26,34.803333333333335,52259.625
2020-06-27,26.830833333333334,45268.625
2020-06-28,17.107083333333332,42233.25
2020-06-29,27.480833333333333,53016.625
2020-06-30,18.354166666666668,54940.125
2020-07-01,32.385,55405.125
2020-07-02,38.91375,54857.958333333336
2020-07-03,34.93125,52799.291666666664
2020-07-04,15.403333333333334,45872.166666666664
2020-07-05,-15.337083333333332,43193.0
2020-07-06,14.282499999999999,54852.625
2020-07-07,31.902083333333334,54720.291666666664
2020-07-08,41.21375,55036.375
2020-07-09,42.42333333333333,55393.041666666664
2020-07-10,36.61875,53675.916666666664
2020-07-11,28.601249999999997,44550.125
2020-07-12,24.771666666666665,40803.291666666664
2020-07-13,34.17541666666667,51869.0
2020-07-14,36.76333333333333,54283.583333333336
2020-07-15,41.709583333333335,55457.125
2020-07-16,44.44583333333333,55307.666666666664
2020-07-17,37.577083333333334,52996.791666666664
2020-07-18,29.012916666666666,44907.416666666664
2020-07-19,27.779583333333335,41342.333333333336
2020-07-20,32.9625,52509.291666666664
2020-07-21,31.713333333333335,53179.25
2020-07-22,34.35166666666667,54154.625
2020-07-23,35.691250000000004,54217.666666666664
2020-07-24,31.155,52427.833333333336
2020-07-25,25.52,44984.833333333336
2020-07-26,12.606666666666667,41866.875
2020-07-27,32.53208333333333,52237.083333333336
2020-07-28,22.965833333333332,54255.791666666664
2020-07-29,20.749166666666667,53123.625
2020-07-30,35.619166666666665,52464.458333333336
2020-07-31,38.50875,52354.125
2020-08-01,28.31041666666667,44767.333333333336
2020-08-02,28.189999999999998,41221.916666666664
2020-08-03,36.719166666666666,50151.166666666664
2020-08-04,36.393750000000004,51183.125
2020-08-05,29.605,51705.875
2020-08-06,33.28,52330.708333333336
2020-08-07,35.979166666666664,52102.75
2020-08-08,32.03875,45696.5
2020-08-09,28.53375,42842.375
2020-08-10,36.97875,54112.0
2020-08-11,36.2975,56533.875
2020-08-12,35.864583333333336,56052.25
2020-08-13,38.58583333333333,55887.833333333336
2020-08-14,40.82625,53963.916666666664
2020-08-15,31.860833333333332,45231.041666666664
2020-08-16,28.684583333333332,42689.833333333336
2020-08-17,40.36333333333334,53702.708333333336
2020-08-18,42.392916666666665,54729.708333333336
2020-08-19,38.22833333333333,54653.458333333336
2020-08-20,38.10666666666666,55437.958333333336
2020-08-21,31.809166666666666,55187.5
2020-08-22,23.829166666666666,46750.0
2020-08-23,16.326249999999998,42694.458333333336
2020-08-24,44.72083333333333,53190.166666666664
2020-08-25,38.4625,54841.5
2020-08-26,17.89,57608.458333333336
2020-08-27,46.30708333333333,55542.958333333336
2020-08-28,40.70083333333333,53390.708333333336
2020-08-29,35.64083333333333,45254.958333333336
2020-08-30,33.819583333333334,41760.083333333336
2020-08-31,54.03666666666667,53595.25
2020-09-01,49.80916666666667,55129.083333333336
2020-09-02,49.82125,54903.666666666664
2020-09-03,40.535833333333336,55584.0
2020-09-04,38.32375,53584.208333333336
2020-09-05,33.41416666666667,45946.541666666664
2020-09-06,34.834583333333335,42607.375
2020-09-07,43.540416666666665,52891.416666666664
2020-09-08,37.598333333333336,55488.125
2020-09-09,36.62916666666667,55600.208333333336
2020-09-10,47.3375,54879.458333333336
2020-09-11,47.814166666666665,53106.0
2020-09-12,31.871666666666666,46326.958333333336
2020-09-13,20.18916666666667,42322.458333333336
2020-09-14,53.11291666666667,53375.791666666664
2020-09-15,70.19791666666667,55277.375
2020-09-16,53.41291666666666,55901.291666666664
2020-09-17,46.40208333333334,56094.416666666664
2020-09-18,42.12708333333333,54623.291666666664
2020-09-19,36.537083333333335,46892.875
2020-09-20,37.515,42989.833333333336
2020-09-21,61.095416666666665,54316.25
2020-09-22,53.31333333333333,55745.25
2020-09-23,46.428333333333335,56423.5
2020-09-24,38.18416666666666,57325.0
2020-09-25,41.37166666666666,55943.375
2020-09-26,33.130833333333335,48826.25
2020-09-27,30.02625,45154.541666666664
2020-09-28,47.260416666666664,56228.958333333336
2020-09-29,58.61833333333333,57823.958333333336
2020-09-30,50.252916666666664,57739.458333333336
2020-10-01,34.4,46173.5
